description,development-plan-document,document-url,development-plan-types,development-policies,end-date,entry-date,geographies,name,notes,organisations,start-date,slug
Covers former AVDC area,dev-plan-buc-avdlp,https://www.aylesburyvaledc.gov.uk/sites/default/files/page_downloads/AVDLP-Full-Version.pdf,,avdlp-GP2;avdlp-GP3;avdlp-GP4;avdlp-GP6;avdlp-GP8;avdlp-GP9;avdlp-GP11;avdlp-GP17;avdlp-GP24;avdlp-GP25;avdlp-GP26;avdlp-GP30;avdlp-GP32;avdlp-GP35;avdlp-GP38;avdlp-GP39;avdlp-GP40;avdlp-GP45;avdlp-GP53;avdlp-GP57;avdlp-GP59;avdlp-GP60;avdlp-GP66;avdlp-GP69;avdlp-GP70;avdlp-GP71;avdlp-GP73;avdlp-GP77;avdlp-GP78;avdlp-GP79;avdlp-GP80;avdlp-GP81;avdlp-GP84;avdlp-GP86;avdlp-GP87;avdlp-GP88;avdlp-GP90;avdlp-GP91;avdlp-GP92;avdlp-GP93;avdlp-GP94;avdlp-GP95;avdlp-GP99;avdlp-GP100;avdlp-AY1;avdlp-AY2;avdlp-AY3;avdlp-AY4;avdlp-AY5;avdlp-AY6;avdlp-AY7;avdlp-AY8;avdlp-AY11;avdlp-AY12;avdlp-AY13;avdlp-AY14;avdlp-AY15;avdlp-AY16;avdlp-AY17;avdlp-AY18;avdlp-AY20;avdlp-AY21;avdlp-AY22;avdlp-AY24;avdlp-AY27;avdlp-AY28;avdlp-AY29;avdlp-AY30;avdlp-AY31;avdlp-AY34;avdlp-BU1;avdlp-BU3;avdlp-BU6;avdlp-BU7;avdlp-BU8;avdlp-BU10;avdlp-BU11;avdlp-WE1;avdlp-WE2;avdlp-HA1;avdlp-HA2;avdlp-WI1;avdlp-WI2;avdlp-WI3;avdlp-RA2;avdlp-RA3;avdlp-RA4;avdlp-RA5;avdlp-RA6;avdlp-RA8;avdlp-RA11;avdlp-RA13;avdlp-RA14;avdlp-RA17;avdlp-RA18;avdlp-RA24;avdlp-RA25;avdlp-RA26;avdlp-RA29;avdlp-RA30;avdlp-RA31;avdlp-RA32;avdlp-RA33;avdlp-RA34;avdlp-RA35;avdlp-RA36;avdlp-RA37,2021-12-31,2020-12-08,E07000004,Adopted Aylesbury Vale District Local Plan (AVDLP) 2004,,local-authority-eng:AYL,2004-01-01,/development-plan-document/local-authority-eng/AYL/dev-plan-buc-avdlp
Covers former AVDC area,dev-plan-buc-avdlp,https://www.aylesburyvaledc.gov.uk/sites/default/files/page_downloads/AVDLP-Full-Version.pdf,,avdlp-GP2;avdlp-GP3;avdlp-GP4;avdlp-GP6;avdlp-GP8;avdlp-GP9;avdlp-GP11;avdlp-GP17;avdlp-GP24;avdlp-GP25;avdlp-GP26;avdlp-GP30;avdlp-GP32;avdlp-GP35;avdlp-GP38;avdlp-GP39;avdlp-GP40;avdlp-GP45;avdlp-GP53;avdlp-GP57;avdlp-GP59;avdlp-GP60;avdlp-GP66;avdlp-GP69;avdlp-GP70;avdlp-GP71;avdlp-GP73;avdlp-GP77;avdlp-GP78;avdlp-GP79;avdlp-GP80;avdlp-GP81;avdlp-GP84;avdlp-GP86;avdlp-GP87;avdlp-GP88;avdlp-GP90;avdlp-GP91;avdlp-GP92;avdlp-GP93;avdlp-GP94;avdlp-GP95;avdlp-GP99;avdlp-GP100;avdlp-AY1;avdlp-AY2;avdlp-AY3;avdlp-AY4;avdlp-AY5;avdlp-AY6;avdlp-AY7;avdlp-AY8;avdlp-AY11;avdlp-AY12;avdlp-AY13;avdlp-AY14;avdlp-AY15;avdlp-AY16;avdlp-AY17;avdlp-AY18;avdlp-AY20;avdlp-AY21;avdlp-AY22;avdlp-AY24;avdlp-AY27;avdlp-AY28;avdlp-AY29;avdlp-AY30;avdlp-AY31;avdlp-AY34;avdlp-BU1;avdlp-BU3;avdlp-BU6;avdlp-BU7;avdlp-BU8;avdlp-BU10;avdlp-BU11;avdlp-WE1;avdlp-WE2;avdlp-HA1;avdlp-HA2;avdlp-WI1;avdlp-WI2;avdlp-WI3;avdlp-RA2;avdlp-RA3;avdlp-RA4;avdlp-RA5;avdlp-RA6;avdlp-RA8;avdlp-RA11;avdlp-RA13;avdlp-RA14;avdlp-RA17;avdlp-RA18;avdlp-RA24;avdlp-RA25;avdlp-RA26;avdlp-RA29;avdlp-RA30;avdlp-RA31;avdlp-RA32;avdlp-RA33;avdlp-RA34;avdlp-RA35;avdlp-RA36;avdlp-RA37,2021-12-31,2020-12-08,E07000004,Adopted Aylesbury Vale District Local Plan (AVDLP) 2004,,local-authority-eng:BUC,2020-04-01,/development-plan-document/local-authority-eng/BUC/dev-plan-buc-avdlp
Whole Buckinghamshire Council area,dev-plan-buc-blp,,,,2040-12-31,2020-12-08,E06000060,Buckinghamshire Local Plan,,local-authority-eng:BUC,2020-04-01,/development-plan-document/local-authority-eng/BUC/dev-plan-buc-blp
Covers former BCC area,dev-plan-buc-bmwlp,https://www.buckscc.gov.uk/media/4514370/buckinghamshire-minerals-and-waste-local-plan-2016-2036.pdf,,bmwlp-P1;bmwlp-P2;bmwlp-P3;bmwlp-P4;bmwlp-P5;bmwlp-P6;bmwlp-P7;bmwlp-P8;bmwlp-P9;bmwlp-P10;bmwlp-P11;bmwlp-P12;bmwlp-P13;bmwlp-P14;bmwlp-P15;bmwlp-P16;bmwlp-P17;bmwlp-P18;bmwlp-P19;bmwlp-P20;bmwlp-P21;bmwlp-P22;bmwlp-P23;bmwlp-P24;bmwlp-P25;bmwlp-P26;bmwlp-P27;bmwlp-P28,2036-12-31,2020-12-08,E06000060,Buckinghamshire Minerals and Waste Local Plan 2016-2036,,local-authority-eng:BKM,2019-07-25,/development-plan-document/local-authority-eng/BKM/dev-plan-buc-bmwlp
Covers former BCC area,dev-plan-buc-bmwlp,https://www.buckscc.gov.uk/media/4514370/buckinghamshire-minerals-and-waste-local-plan-2016-2036.pdf,,bmwlp-P1;bmwlp-P2;bmwlp-P3;bmwlp-P4;bmwlp-P5;bmwlp-P6;bmwlp-P7;bmwlp-P8;bmwlp-P9;bmwlp-P10;bmwlp-P11;bmwlp-P12;bmwlp-P13;bmwlp-P14;bmwlp-P15;bmwlp-P16;bmwlp-P17;bmwlp-P18;bmwlp-P19;bmwlp-P20;bmwlp-P21;bmwlp-P22;bmwlp-P23;bmwlp-P24;bmwlp-P25;bmwlp-P26;bmwlp-P27;bmwlp-P28,2036-12-31,2020-12-08,E06000060,Buckinghamshire Minerals and Waste Local Plan 2016-2036,,local-authority-eng:BUC,2020-04-01,/development-plan-document/local-authority-eng/BUC/dev-plan-buc-bmwlp
Covers former CDC area,dev-plan-buc-ccs,https://www.chiltern.gov.uk/planning/adoptedcorestrategy,,ccs-CS1;ccs-CS2;ccs-CS3;ccs-CS4;ccs-CS5;ccs-CS6;ccs-CS7;ccs-CS8;ccs-CS9;ccs-CS10;ccs-CS11;ccs-CS12;ccs-CS13;ccs-CS14;ccs-CS15;ccs-CS16;ccs-CS17;ccs-CS18;ccs-CS19;ccs-CS20;ccs-CS21;ccs-CS22;ccs-CS23;ccs-CS24;ccs-CS25;ccs-CS26;ccs-CS27;ccs-CS28;ccs-CS29;ccs-CS30;ccs-CS31;ccs-CS32,2021-12-31,2020-12-08,E07000005,Adopted Chiltern Core Strategy 2011,,local-authority-eng:CHN,2011-11-15,/development-plan-document/local-authority-eng/CHN/dev-plan-buc-ccs
Covers former CDC area,dev-plan-buc-ccs,https://www.chiltern.gov.uk/planning/adoptedcorestrategy,,ccs-CS1;ccs-CS2;ccs-CS3;ccs-CS4;ccs-CS5;ccs-CS6;ccs-CS7;ccs-CS8;ccs-CS9;ccs-CS10;ccs-CS11;ccs-CS12;ccs-CS13;ccs-CS14;ccs-CS15;ccs-CS16;ccs-CS17;ccs-CS18;ccs-CS19;ccs-CS20;ccs-CS21;ccs-CS22;ccs-CS23;ccs-CS24;ccs-CS25;ccs-CS26;ccs-CS27;ccs-CS28;ccs-CS29;ccs-CS30;ccs-CS31;ccs-CS32,2021-12-31,2020-12-08,E07000005,Adopted Chiltern Core Strategy 2011,,local-authority-eng:BUC,2020-04-01,/development-plan-document/local-authority-eng/BUC/dev-plan-buc-ccs
"Covers former CDC area; amended May 2001, September 2007 and November 2011",dev-plan-buc-clp,https://www.chiltern.gov.uk/planning/localplan1997,,clp-GC1;clp-GC2;clp-GC3;clp-GC4;clp-GC7;clp-GC8;clp-GC9;clp-GC10;clp-GC11;clp-GC12;clp-GC13;clp-GC14;clp-GB1;clp-GB2;clp-GB4;clp-GB5;clp-GB6;clp-GB7;clp-GB8;clp-GB10;clp-GB11;clp-GB12;clp-GB13;clp-GB15;clp-GB16;clp-GB17;clp-GB20;clp-GB22A;clp-GB23;clp-GB24;clp-GB27;clp-GB29;clp-GB30;clp-LSQ1;clp-H2;clp-H3;clp-H4;clp-H7;clp-H9;clp-H11;clp-H12;clp-H13;clp-H14;clp-H15;clp-H16;clp-H17;clp-H18;clp-H19;clp-H20;clp-H21;clp-S1;clp-S2;clp-S3;clp-S4;clp-S5-CH;clp-S5-AH;clp-S5-CSP;clp-S7;clp-S9;clp-S10;clp-S10A;clp-S11;clp-S12;clp-S13;clp-S14;clp-TR2;clp-TR3;clp-TR6;clp-TR9;clp-TR11;clp-TR12;clp-TR14;clp-TR15;clp-TR16;clp-R2;clp-R3;clp-R4;clp-R6;clp-R7;clp-R8;clp-R10;clp-R11;clp-R12;clp-R13;clp-R16;clp-T2;clp-T4;clp-CSF1;clp-CSF2;clp-AS1;clp-AS2;clp-LB1;clp-LB2;clp-LB3;clp-LB4;clp-CA1;clp-CA2;clp-CA3;clp-CA4;clp-CA5;clp-TW2;clp-TW3;clp-TW6;clp-NC1;clp-NC3;clp-A2;clp-A3;clp-TD1;clp-TD2;clp-OEL1,2026-12-31,2020-12-08,E07000005,Adopted Chiltern Local Plan 1997,,local-authority-eng:CHN,1997-09-01,/development-plan-document/local-authority-eng/CHN/dev-plan-buc-clp
"Covers former CDC area; amended May 2001, September 2007 and November 2011",dev-plan-buc-clp,https://www.chiltern.gov.uk/planning/localplan1997,,clp-GC1;clp-GC2;clp-GC3;clp-GC4;clp-GC7;clp-GC8;clp-GC9;clp-GC10;clp-GC11;clp-GC12;clp-GC13;clp-GC14;clp-GB1;clp-GB2;clp-GB4;clp-GB5;clp-GB6;clp-GB7;clp-GB8;clp-GB10;clp-GB11;clp-GB12;clp-GB13;clp-GB15;clp-GB16;clp-GB17;clp-GB20;clp-GB22A;clp-GB23;clp-GB24;clp-GB27;clp-GB29;clp-GB30;clp-LSQ1;clp-H2;clp-H3;clp-H4;clp-H7;clp-H9;clp-H11;clp-H12;clp-H13;clp-H14;clp-H15;clp-H16;clp-H17;clp-H18;clp-H19;clp-H20;clp-H21;clp-S1;clp-S2;clp-S3;clp-S4;clp-S5-CH;clp-S5-AH;clp-S5-CSP;clp-S7;clp-S9;clp-S10;clp-S10A;clp-S11;clp-S12;clp-S13;clp-S14;clp-TR2;clp-TR3;clp-TR6;clp-TR9;clp-TR11;clp-TR12;clp-TR14;clp-TR15;clp-TR16;clp-R2;clp-R3;clp-R4;clp-R6;clp-R7;clp-R8;clp-R10;clp-R11;clp-R12;clp-R13;clp-R16;clp-T2;clp-T4;clp-CSF1;clp-CSF2;clp-AS1;clp-AS2;clp-LB1;clp-LB2;clp-LB3;clp-LB4;clp-CA1;clp-CA2;clp-CA3;clp-CA4;clp-CA5;clp-TW2;clp-TW3;clp-TW6;clp-NC1;clp-NC3;clp-A2;clp-A3;clp-TD1;clp-TD2;clp-OEL1,2026-12-31,2020-12-08,E07000005,Adopted Chiltern Local Plan 1997,,local-authority-eng:BUC,2020-04-01,/development-plan-document/local-authority-eng/BUC/dev-plan-buc-clp
Covers former WDC area,dev-plan-buc-dsa,https://www.wycombe.gov.uk/uploads/public/documents/Planning/Planning-policy/DSA2012/Adopted-delivery-and-site-allocations-plan.pdf,,dsa-HWTC1;dsa-HWTC2;dsa-HWTC3;dsa-HWTC4;dsa-HWTC5;dsa-HWTC6;dsa-HWTC7;dsa-HWTC8;dsa-HWTC9;dsa-HWTC10;dsa-HWTC11;dsa-HWTC12;dsa-HWTC13;dsa-HWTC14;dsa-HWTC15;dsa-HWTC16;dsa-HWTC17;dsa-HWTC18;dsa-HWTC19;dsa-HWTC20;dsa-HWTC21;dsa-HW1;dsa-HW2;dsa-HW3;dsa-MR1;dsa-MR2;dsa-MR3;dsa-MR4;dsa-MR5;dsa-PR1;dsa-PR2;dsa-DM1;dsa-DM2;dsa-DM3;dsa-DM4;dsa-DM5;dsa-DM6;dsa-DM7;dsa-DM8;dsa-DM9;dsa-DM10;dsa-DM11;dsa-DM12;dsa-DM13;dsa-DM14;dsa-DM15;dsa-DM16;dsa-DM19,2026-12-31,2020-12-08,E07000007,Adopted Delivery and Site Allocations Plan,,local-authority-eng:WYO,2013-07-16,/development-plan-document/local-authority-eng/WYO/dev-plan-buc-dsa
Covers former WDC area,dev-plan-buc-dsa,https://www.wycombe.gov.uk/uploads/public/documents/Planning/Planning-policy/DSA2012/Adopted-delivery-and-site-allocations-plan.pdf,,dsa-HWTC1;dsa-HWTC2;dsa-HWTC3;dsa-HWTC4;dsa-HWTC5;dsa-HWTC6;dsa-HWTC7;dsa-HWTC8;dsa-HWTC9;dsa-HWTC10;dsa-HWTC11;dsa-HWTC12;dsa-HWTC13;dsa-HWTC14;dsa-HWTC15;dsa-HWTC16;dsa-HWTC17;dsa-HWTC18;dsa-HWTC19;dsa-HWTC20;dsa-HWTC21;dsa-HW1;dsa-HW2;dsa-HW3;dsa-MR1;dsa-MR2;dsa-MR3;dsa-MR4;dsa-MR5;dsa-PR1;dsa-PR2;dsa-DM1;dsa-DM2;dsa-DM3;dsa-DM4;dsa-DM5;dsa-DM6;dsa-DM7;dsa-DM8;dsa-DM9;dsa-DM10;dsa-DM11;dsa-DM12;dsa-DM13;dsa-DM14;dsa-DM15;dsa-DM16;dsa-DM19,2026-12-31,2020-12-08,E07000007,Adopted Delivery and Site Allocations Plan,,local-authority-eng:BUC,2020-04-01,/development-plan-document/local-authority-eng/BUC/dev-plan-buc-dsa
Covers former SBDC area,dev-plan-buc-sbcs,https://southbucks.gov.uk/planning/corestrategy,,sbcs-CP1;sbcs-CP2;sbcs-CP3;sbcs-CP4;sbcs-CP5;sbcs-CP6;sbcs-CP7;sbcs-CP8;sbcs-CP9;sbcs-CP10;sbcs-CP11;sbcs-CP12;sbcs-CP13;sbcs-CP14;sbcs-CP15;sbcs-CP16;sbcs-CP17,2026-12-31,2020-12-08,E07000006,South Bucks Core Strategy 2011,,local-authority-eng:SBU,2011-02-22,/development-plan-document/local-authority-eng/SBU/dev-plan-buc-sbcs
Covers former SBDC area,dev-plan-buc-sbcs,https://southbucks.gov.uk/planning/corestrategy,,sbcs-CP1;sbcs-CP2;sbcs-CP3;sbcs-CP4;sbcs-CP5;sbcs-CP6;sbcs-CP7;sbcs-CP8;sbcs-CP9;sbcs-CP10;sbcs-CP11;sbcs-CP12;sbcs-CP13;sbcs-CP14;sbcs-CP15;sbcs-CP16;sbcs-CP17,2026-12-31,2020-12-08,E07000006,South Bucks Core Strategy 2011,,local-authority-eng:BUC,2020-04-01,/development-plan-document/local-authority-eng/BUC/dev-plan-buc-sbcs
Covers former SBDC area; amended September 2007 and February 2011,dev-plan-buc-sblp,https://southbucks.gov.uk/planning/localplan1999,,sblp-GB1;sblp-GB2;sblp-GB3;sblp-GB4;sblp-GB5;sblp-GB7;sblp-GB9;sblp-GB10;sblp-GB11;sblp-GB13;sblp-L4;sblp-L10;sblp-C1;sblp-C6;sblp-C15;sblp-EP3;sblp-EP4;sblp-EP5;sblp-EP6;sblp-EP7;sblp-EP16;sblp-EP17;sblp-EP18;sblp-R5;sblp-R6;sblp-R8;sblp-R9;sblp-R10;sblp-H2;sblp-H6;sblp-H9;sblp-H10;sblp-H11;sblp-H12;sblp-H13;sblp-TC1;sblp-S1;sblp-S2;sblp-S3;sblp-S4;sblp-S6;sblp-S9;sblp-E2;sblp-TR4;sblp-TR5;sblp-TR7;sblp-TR10;sblp-TR12;sblp-TR13;sblp-COM1;sblp-COM2,2006-12-31,2020-12-08,E07000006,South Bucks District Local Plan 1999,,local-authority-eng:SBU,1999-03-22,/development-plan-document/local-authority-eng/SBU/dev-plan-buc-sblp
Covers former SBDC area; amended September 2007 and February 2011,dev-plan-buc-sblp,https://southbucks.gov.uk/planning/localplan1999,,sblp-GB1;sblp-GB2;sblp-GB3;sblp-GB4;sblp-GB5;sblp-GB7;sblp-GB9;sblp-GB10;sblp-GB11;sblp-GB13;sblp-L4;sblp-L10;sblp-C1;sblp-C6;sblp-C15;sblp-EP3;sblp-EP4;sblp-EP5;sblp-EP6;sblp-EP7;sblp-EP16;sblp-EP17;sblp-EP18;sblp-R5;sblp-R6;sblp-R8;sblp-R9;sblp-R10;sblp-H2;sblp-H6;sblp-H9;sblp-H10;sblp-H11;sblp-H12;sblp-H13;sblp-TC1;sblp-S1;sblp-S2;sblp-S3;sblp-S4;sblp-S6;sblp-S9;sblp-E2;sblp-TR4;sblp-TR5;sblp-TR7;sblp-TR10;sblp-TR12;sblp-TR13;sblp-COM1;sblp-COM2,2006-12-31,2020-12-08,E07000006,South Bucks District Local Plan 1999,,local-authority-eng:BUC,2020-04-01,/development-plan-document/local-authority-eng/BUC/dev-plan-buc-sblp
Covers former AVDC area,dev-plan-buc-valp,https://www.aylesburyvaledc.gov.uk/sites/default/files/page_downloads/Submission-VALP-%20high-res2.pdf,,valp-S1;valp-S2;valp-S3;valp-S4;valp-S5;valp-S6;valp-S7;valp-S8;valp-S9;valp-D1;valp-D1-AGT1;valp-D1-AGT2;valp-D1-AGT3;valp-D1-AGT4;valp-D1-AGT5;valp-D1-AGT6;valp-D1-AYL032;valp-D1-AYL073;valp-D1-AYL052;valp-D1-AYL059;valp-D1-AYL077;valp-D1-AYL063;valp-D1-AYL068;valp-D1-AYL115;valp-D1-NLV001;valp-D2;valp-D-BUC043;valp-D-BUC051;valp-D-BUC046;valp-D-HAD007;valp-D-HAL003;valp-D-WIN001;valp-D-SCD003;valp-D-SCD008;valp-D-STO008;valp-D-WHI009;valp-D-CDN001;valp-D-CDN003;valp-D-ICK004;valp-D-MMO006;valp-D-MGB003;valp-D-NLV005;valp-D-QUA001;valp-D-QUA0014-016;valp-D3;valp-D4;valp-D5;valp-D6;valp-D7;valp-D8;valp-D9;valp-D10;valp-H1;valp-H2;valp-H3;valp-H4;valp-H5;valp-H6;valp-H7;valp-E1;valp-E2;valp-E3;valp-E4;valp-E5;valp-E6;valp-E7;valp-E8;valp-E9;valp-E10;valp-T1;valp-T2;valp-T3;valp-T4;valp-T5;valp-T6;valp-T7;valp-BE1;valp-BE2;valp-BE3;valp-BE4;valp-NE1;valp-NE2;valp-NE3;valp-NE4;valp-NE5;valp-NE6;valp-NE7;valp-NE8;valp-NE9;valp-C1;valp-C2;valp-C3;valp-C4;valp-I1;valp-I2;valp-I3;valp-I4;valp-I5;valp-I6,2033-12-31,2020-12-08,E07000004,Vale of Aylesbury Local Plan 2013-2033,,local-authority-eng:AYL,2013-01-01,/development-plan-document/local-authority-eng/AYL/dev-plan-buc-valp
Covers former AVDC area,dev-plan-buc-valp,https://www.aylesburyvaledc.gov.uk/sites/default/files/page_downloads/Submission-VALP-%20high-res2.pdf,,valp-S1;valp-S2;valp-S3;valp-S4;valp-S5;valp-S6;valp-S7;valp-S8;valp-S9;valp-D1;valp-D1-AGT1;valp-D1-AGT2;valp-D1-AGT3;valp-D1-AGT4;valp-D1-AGT5;valp-D1-AGT6;valp-D1-AYL032;valp-D1-AYL073;valp-D1-AYL052;valp-D1-AYL059;valp-D1-AYL077;valp-D1-AYL063;valp-D1-AYL068;valp-D1-AYL115;valp-D1-NLV001;valp-D2;valp-D-BUC043;valp-D-BUC051;valp-D-BUC046;valp-D-HAD007;valp-D-HAL003;valp-D-WIN001;valp-D-SCD003;valp-D-SCD008;valp-D-STO008;valp-D-WHI009;valp-D-CDN001;valp-D-CDN003;valp-D-ICK004;valp-D-MMO006;valp-D-MGB003;valp-D-NLV005;valp-D-QUA001;valp-D-QUA0014-016;valp-D3;valp-D4;valp-D5;valp-D6;valp-D7;valp-D8;valp-D9;valp-D10;valp-H1;valp-H2;valp-H3;valp-H4;valp-H5;valp-H6;valp-H7;valp-E1;valp-E2;valp-E3;valp-E4;valp-E5;valp-E6;valp-E7;valp-E8;valp-E9;valp-E10;valp-T1;valp-T2;valp-T3;valp-T4;valp-T5;valp-T6;valp-T7;valp-BE1;valp-BE2;valp-BE3;valp-BE4;valp-NE1;valp-NE2;valp-NE3;valp-NE4;valp-NE5;valp-NE6;valp-NE7;valp-NE8;valp-NE9;valp-C1;valp-C2;valp-C3;valp-C4;valp-I1;valp-I2;valp-I3;valp-I4;valp-I5;valp-I6,2033-12-31,2020-12-08,E07000004,Vale of Aylesbury Local Plan 2013-2033,,local-authority-eng:BUC,2020-04-01,/development-plan-document/local-authority-eng/BUC/dev-plan-buc-valp
Covers former WDC area,dev-plan-buc-wdlp,https://www.wycombe.gov.uk/uploads/public/documents/Planning/Adopted-Wycombe-local-plan/Wycombe-District-Local-Plan-Adopted-August-2019.pdf,,wdlp-CP1;wdlp-CP2;wdlp-CP3;wdlp-CP4;wdlp-CP5;wdlp-CP6;wdlp-CP7;wdlp-CP8;wdlp-CP9;wdlp-CP10;wdlp-CP11;wdlp-CP12;wdlp-HW4;wdlp-HW5;wdlp-HW6;wdlp-HW7;wdlp-HW8;wdlp-HW9;wdlp-HW10;wdlp-HW11;wdlp-HW12;wdlp-HW13;wdlp-HW14;wdlp-HW15;wdlp-HW16;wdlp-HW17;wdlp-HW18;wdlp-HW19;wdlp-HW20;wdlp-MR6;wdlp-MR7;wdlp-PR3;wdlp-PR4;wdlp-PR5;wdlp-PR6;wdlp-PR7;wdlp-PR8;wdlp-PR9;wdlp-PR10;wdlp-PR11;wdlp-PR12;wdlp-PR13;wdlp-PR14;wdlp-PR15;wdlp-PR16;wdlp-PR17;wdlp-BE1;wdlp-BE2;wdlp-BE3;wdlp-RUR1;wdlp-RUR2;wdlp-RUR3;wdlp-RUR4;wdlp-RUR5;wdlp-RUR6;wdlp-RUR7;wdlp-RUR8;wdlp-RUR9;wdlp-RUR10;wdlp-RUR11;wdlp-RUR12;wdlp-DM20;wdlp-DM21;wdlp-DM22;wdlp-DM23;wdlp-DM24;wdlp-DM25;wdlp-DM26;wdlp-DM27;wdlp-DM28;wdlp-DM29;wdlp-DM30;wdlp-DM31;wdlp-DM32;wdlp-DM33;wdlp-DM34;wdlp-DM35;wdlp-DM36;wdlp-DM37;wdlp-DM38;wdlp-DM39;wdlp-DM40;wdlp-DM41;wdlp-DM42;wdlp-DM43;wdlp-DM44;wdlp-DM45;wdlp-DM46;wdlp-DM47,2033-12-31,2020-12-08,E07000007,Wycombe District Local Plan 2019,,local-authority-eng:WYO,2019-08-19,/development-plan-document/local-authority-eng/WYO/dev-plan-buc-wdlp
Covers former WDC area,dev-plan-buc-wdlp,https://www.wycombe.gov.uk/uploads/public/documents/Planning/Adopted-Wycombe-local-plan/Wycombe-District-Local-Plan-Adopted-August-2019.pdf,,wdlp-CP1;wdlp-CP2;wdlp-CP3;wdlp-CP4;wdlp-CP5;wdlp-CP6;wdlp-CP7;wdlp-CP8;wdlp-CP9;wdlp-CP10;wdlp-CP11;wdlp-CP12;wdlp-HW4;wdlp-HW5;wdlp-HW6;wdlp-HW7;wdlp-HW8;wdlp-HW9;wdlp-HW10;wdlp-HW11;wdlp-HW12;wdlp-HW13;wdlp-HW14;wdlp-HW15;wdlp-HW16;wdlp-HW17;wdlp-HW18;wdlp-HW19;wdlp-HW20;wdlp-MR6;wdlp-MR7;wdlp-PR3;wdlp-PR4;wdlp-PR5;wdlp-PR6;wdlp-PR7;wdlp-PR8;wdlp-PR9;wdlp-PR10;wdlp-PR11;wdlp-PR12;wdlp-PR13;wdlp-PR14;wdlp-PR15;wdlp-PR16;wdlp-PR17;wdlp-BE1;wdlp-BE2;wdlp-BE3;wdlp-RUR1;wdlp-RUR2;wdlp-RUR3;wdlp-RUR4;wdlp-RUR5;wdlp-RUR6;wdlp-RUR7;wdlp-RUR8;wdlp-RUR9;wdlp-RUR10;wdlp-RUR11;wdlp-RUR12;wdlp-DM20;wdlp-DM21;wdlp-DM22;wdlp-DM23;wdlp-DM24;wdlp-DM25;wdlp-DM26;wdlp-DM27;wdlp-DM28;wdlp-DM29;wdlp-DM30;wdlp-DM31;wdlp-DM32;wdlp-DM33;wdlp-DM34;wdlp-DM35;wdlp-DM36;wdlp-DM37;wdlp-DM38;wdlp-DM39;wdlp-DM40;wdlp-DM41;wdlp-DM42;wdlp-DM43;wdlp-DM44;wdlp-DM45;wdlp-DM46;wdlp-DM47,2033-12-31,2020-12-08,E07000007,Wycombe District Local Plan 2019,,local-authority-eng:BUC,2020-04-01,/development-plan-document/local-authority-eng/BUC/dev-plan-buc-wdlp
Aston Abbots Parish,neigh-plan-buc-astonabbotsndp,,,,,2020-12-09,E04001456,Aston Abbots Neighbourhood Plan,,local-authority-eng:AYL,2015-07-08,/development-plan-document/local-authority-eng/AYL/neigh-plan-buc-astonabbotsndp
Aston Abbots Parish,neigh-plan-buc-astonabbotsndp,,,,,2020-12-09,E04001456,Aston Abbots Neighbourhood Plan,,local-authority-eng:BUC,2020-04-01,/development-plan-document/local-authority-eng/BUC/neigh-plan-buc-astonabbotsndp
Aston Clinton Parish,neigh-plan-buc-astonclintonndp,https://www.aylesburyvaledc.gov.uk/sites/default/files/page_downloads/ACNP_ReferendumVersion_May%202018_0.pdf,,astonclintonndp-HQD1;astonclintonndp-HQD2;astonclintonndp-H1;astonclintonndp-H2;astonclintonndp-H3;astonclintonndp-H4;astonclintonndp-H5;astonclintonndp-B1;astonclintonndp-B2;astonclintonndp-B3;astonclintonndp-B4;astonclintonndp-L1;astonclintonndp-L2;astonclintonndp-L3;astonclintonndp-E1;astonclintonndp-E2;astonclintonndp-T1;astonclintonndp-T2;astonclintonndp-EN1;astonclintonndp-EN2;astonclintonndp-EN3;astonclintonndp-EN4,2033-12-31,2020-12-08,E04001457,Aston Clinton Neighbourhood Plan 2013-2033,,local-authority-eng:AYL,2018-08-08,/development-plan-document/local-authority-eng/AYL/neigh-plan-buc-astonclintonndp
Aston Clinton Parish,neigh-plan-buc-astonclintonndp,https://www.aylesburyvaledc.gov.uk/sites/default/files/page_downloads/ACNP_ReferendumVersion_May%202018_0.pdf,,astonclintonndp-HQD1;astonclintonndp-HQD2;astonclintonndp-H1;astonclintonndp-H2;astonclintonndp-H3;astonclintonndp-H4;astonclintonndp-H5;astonclintonndp-B1;astonclintonndp-B2;astonclintonndp-B3;astonclintonndp-B4;astonclintonndp-L1;astonclintonndp-L2;astonclintonndp-L3;astonclintonndp-E1;astonclintonndp-E2;astonclintonndp-T1;astonclintonndp-T2;astonclintonndp-EN1;astonclintonndp-EN2;astonclintonndp-EN3;astonclintonndp-EN4,2033-12-31,2020-12-08,E04001457,Aston Clinton Neighbourhood Plan 2013-2033,,local-authority-eng:BUC,2020-04-01,/development-plan-document/local-authority-eng/BUC/neigh-plan-buc-astonclintonndp
Beaconsfield Town,neigh-plan-buc-beaconsfieldndp,,,,,2020-12-09,E04001580,Beaconsfield Neighbourhood Plan,,local-authority-eng:SBU,2020-11-09,/development-plan-document/local-authority-eng/SBU/neigh-plan-buc-beaconsfieldndp
Bierton with Broughton Parish,neigh-plan-buc-biertonbroughtonndp,,,,,2020-12-09,E04001462,Bierton with Broughton Neighbourhood Plan,,local-authority-eng:AYL,2016-09-07,/development-plan-document/local-authority-eng/AYL/neigh-plan-buc-biertonbroughtonndp
Bierton with Broughton Parish,neigh-plan-buc-biertonbroughtonndp,,,,,2020-12-09,E04001462,Bierton with Broughton Neighbourhood Plan,,local-authority-eng:BUC,2020-04-01,/development-plan-document/local-authority-eng/BUC/neigh-plan-buc-biertonbroughtonndp
Bledlow-cum-Saunderton Parish,neigh-plan-buc-bledlowcumsaundertonndp,https://www.wycombe.gov.uk/uploads/public/documents/Planning/Neighbourhood-planning/Bledlow-cum-Saunderton-Adopted-Neighbourhood-Plan.pdf,,bledlowcumsaundertonndp-P1;bledlowcumsaundertonndp-P2;bledlowcumsaundertonndp-P3;bledlowcumsaundertonndp-P4;bledlowcumsaundertonndp-P5;bledlowcumsaundertonndp-P6;bledlowcumsaundertonndp-P7;bledlowcumsaundertonndp-P8;bledlowcumsaundertonndp-P9;bledlowcumsaundertonndp-P10;bledlowcumsaundertonndp-P11;bledlowcumsaundertonndp-P12;bledlowcumsaundertonndp-P13;bledlowcumsaundertonndp-P14,2033-12-31,2020-12-09,E04001592,Bledlow-cum-Saunderton Neighbourhood Plan 2016-2033,,local-authority-eng:WYO,2017-01-01,/development-plan-document/local-authority-eng/WYO/neigh-plan-buc-bledlowcumsaundertonndp
Bledlow-cum-Saunderton Parish,neigh-plan-buc-bledlowcumsaundertonndp,https://www.wycombe.gov.uk/uploads/public/documents/Planning/Neighbourhood-planning/Bledlow-cum-Saunderton-Adopted-Neighbourhood-Plan.pdf,,bledlowcumsaundertonndp-P1;bledlowcumsaundertonndp-P2;bledlowcumsaundertonndp-P3;bledlowcumsaundertonndp-P4;bledlowcumsaundertonndp-P5;bledlowcumsaundertonndp-P6;bledlowcumsaundertonndp-P7;bledlowcumsaundertonndp-P8;bledlowcumsaundertonndp-P9;bledlowcumsaundertonndp-P10;bledlowcumsaundertonndp-P11;bledlowcumsaundertonndp-P12;bledlowcumsaundertonndp-P13;bledlowcumsaundertonndp-P14,2033-12-31,2020-12-09,E04001592,Bledlow-cum-Saunderton Neighbourhood Plan 2016-2033,,local-authority-eng:BUC,2020-04-01,/development-plan-document/local-authority-eng/BUC/neigh-plan-buc-bledlowcumsaundertonndp
Buckingham Town,neigh-plan-buc-buckinghamndp,https://www.aylesburyvaledc.gov.uk/sites/default/files/page_downloads/BNDP%20Made%20Version%20October%202015%20Rev%20A.pdf,,buckinghamndp-HP1;buckinghamndp-HP2;buckinghamndp-HP3;buckinghamndp-HP4;buckinghamndp-HP5;buckinghamndp-HP6;buckinghamndp-HP7;buckinghamndp-DHE1;buckinghamndp-DHE2;buckinghamndp-DHE3;buckinghamndp-DHE4;buckinghamndp-DHE5;buckinghamndp-DHE6;buckinghamndp-CLH1;buckinghamndp-CLH2;buckinghamndp-CLH3;buckinghamndp-CLH4;buckinghamndp-CLH5;buckinghamndp-CLH6;buckinghamndp-CLH7;buckinghamndp-CLH8;buckinghamndp-EE1;buckinghamndp-EE2;buckinghamndp-EE3;buckinghamndp-EE4;buckinghamndp-EE5;buckinghamndp-EE6;buckinghamndp-EE7;buckinghamndp-EE8;buckinghamndp-I1;buckinghamndp-I2;buckinghamndp-I3;buckinghamndp-I4;buckinghamndp-I5;buckinghamndp-SR1;buckinghamndp-SR2;buckinghamndp-SR3;buckinghamndp-SR4;buckinghamndp-SR5;buckinghamndp-SR6;buckinghamndp-SR7,2031-12-31,2020-12-08,E04001465,Buckingham Neighbourhood Plan,,local-authority-eng:AYL,2015-09-30,/development-plan-document/local-authority-eng/AYL/neigh-plan-buc-buckinghamndp
Buckingham Town,neigh-plan-buc-buckinghamndp,https://www.aylesburyvaledc.gov.uk/sites/default/files/page_downloads/BNDP%20Made%20Version%20October%202015%20Rev%20A.pdf,,buckinghamndp-HP1;buckinghamndp-HP2;buckinghamndp-HP3;buckinghamndp-HP4;buckinghamndp-HP5;buckinghamndp-HP6;buckinghamndp-HP7;buckinghamndp-DHE1;buckinghamndp-DHE2;buckinghamndp-DHE3;buckinghamndp-DHE4;buckinghamndp-DHE5;buckinghamndp-DHE6;buckinghamndp-CLH1;buckinghamndp-CLH2;buckinghamndp-CLH3;buckinghamndp-CLH4;buckinghamndp-CLH5;buckinghamndp-CLH6;buckinghamndp-CLH7;buckinghamndp-CLH8;buckinghamndp-EE1;buckinghamndp-EE2;buckinghamndp-EE3;buckinghamndp-EE4;buckinghamndp-EE5;buckinghamndp-EE6;buckinghamndp-EE7;buckinghamndp-EE8;buckinghamndp-I1;buckinghamndp-I2;buckinghamndp-I3;buckinghamndp-I4;buckinghamndp-I5;buckinghamndp-SR1;buckinghamndp-SR2;buckinghamndp-SR3;buckinghamndp-SR4;buckinghamndp-SR5;buckinghamndp-SR6;buckinghamndp-SR7,2031-12-31,2020-12-08,E04001465,Buckingham Neighbourhood Plan,,local-authority-eng:BUC,2020-04-01,/development-plan-document/local-authority-eng/BUC/neigh-plan-buc-buckinghamndp
Buckland Parish,neigh-plan-buc-bucklandndp,https://www.aylesburyvaledc.gov.uk/sites/default/files/page_downloads/Buckland%20Neighbourhood%20Plan%20Referendum%20Version.pdf,,bucklandndp-BP1;bucklandndp-BP2;bucklandndp-BP3;bucklandndp-BP4;bucklandndp-BP5;bucklandndp-BP6;bucklandndp-BP7;bucklandndp-BP8;bucklandndp-BP9;bucklandndp-BP10;bucklandndp-BP11;bucklandndp-BP12;bucklandndp-BP13;bucklandndp-BP14;bucklandndp-BP15,2033-12-31,2020-12-08,E04001466,Buckland Neighbourhood Plan,,local-authority-eng:AYL,2016-03-04,/development-plan-document/local-authority-eng/AYL/neigh-plan-buc-bucklandndp
Buckland Parish,neigh-plan-buc-bucklandndp,https://www.aylesburyvaledc.gov.uk/sites/default/files/page_downloads/Buckland%20Neighbourhood%20Plan%20Referendum%20Version.pdf,,bucklandndp-BP1;bucklandndp-BP2;bucklandndp-BP3;bucklandndp-BP4;bucklandndp-BP5;bucklandndp-BP6;bucklandndp-BP7;bucklandndp-BP8;bucklandndp-BP9;bucklandndp-BP10;bucklandndp-BP11;bucklandndp-BP12;bucklandndp-BP13;bucklandndp-BP14;bucklandndp-BP15,2033-12-31,2020-12-08,E04001466,Buckland Neighbourhood Plan,,local-authority-eng:BUC,2020-04-01,/development-plan-document/local-authority-eng/BUC/neigh-plan-buc-bucklandndp
Burnham Parish,neigh-plan-buc-burnhamndp,,,,,2020-12-09,E04001581,Burnham Neighbourhood Plan,,local-authority-eng:SBU,2018-05-17,/development-plan-document/local-authority-eng/SBU/neigh-plan-buc-burnhamndp
Burnham Parish,neigh-plan-buc-burnhamndp,,,,,2020-12-09,E04001581,Burnham Neighbourhood Plan,,local-authority-eng:BUC,2020-04-01,/development-plan-document/local-authority-eng/BUC/neigh-plan-buc-burnhamndp
Calvert Green Parish,neigh-plan-buc-calvertgreenndp,,,,,2020-12-09,E04001562,Calvert Green Neighbourhood Plan,,local-authority-eng:AYL,,/development-plan-document/local-authority-eng/AYL/neigh-plan-buc-calvertgreenndp
Calvert Green Parish,neigh-plan-buc-calvertgreenndp,,,,,2020-12-09,E04001562,Calvert Green Neighbourhood Plan,,local-authority-eng:BUC,2020-04-01,/development-plan-document/local-authority-eng/BUC/neigh-plan-buc-calvertgreenndp
Chalfont St Giles Parish,neigh-plan-buc-chalfontstgilesndp,https://chiltern.gov.uk/planning/chalfontstgiles,,chalfontstgilesndp-HP1;chalfontstgilesndp-HP2;chalfontstgilesndp-CFP1;chalfontstgilesndp-EP1;chalfontstgilesndp-NEP1;chalfontstgilesndp-NEP2;chalfontstgilesndp-HEP1;chalfontstgilesndp-DP1,2036-12-31,2020-12-09,E04001565,Neighbourhood Plan for Chalfont St Giles Parish,,local-authority-eng:CHN,2019-07-23,/development-plan-document/local-authority-eng/CHN/neigh-plan-buc-chalfontstgilesndp
Chalfont St Giles Parish,neigh-plan-buc-chalfontstgilesndp,https://chiltern.gov.uk/planning/chalfontstgiles,,chalfontstgilesndp-HP1;chalfontstgilesndp-HP2;chalfontstgilesndp-CFP1;chalfontstgilesndp-EP1;chalfontstgilesndp-NEP1;chalfontstgilesndp-NEP2;chalfontstgilesndp-HEP1;chalfontstgilesndp-DP1,2036-12-31,2020-12-09,E04001565,Neighbourhood Plan for Chalfont St Giles Parish,,local-authority-eng:BUC,2020-04-01,/development-plan-document/local-authority-eng/BUC/neigh-plan-buc-chalfontstgilesndp
Chalfont St Peter Parish,neigh-plan-buc-chalfontstpeterndp,https://chiltern.gov.uk/planning/chalfontstpeter,,chalfontstpeterndp-VC1;chalfontstpeterndp-VC2;chalfontstpeterndp-VC3;chalfontstpeterndp-VC4;chalfontstpeterndp-VC5;chalfontstpeterndp-VC6;chalfontstpeterndp-H1;chalfontstpeterndp-H2;chalfontstpeterndp-H3;chalfontstpeterndp-H4;chalfontstpeterndp-H5;chalfontstpeterndp-H6;chalfontstpeterndp-H7;chalfontstpeterndp-O1;chalfontstpeterndp-O2;chalfontstpeterndp-LC1;chalfontstpeterndp-LC2;chalfontstpeterndp-LC3;chalfontstpeterndp-MP1;chalfontstpeterndp-MP2;chalfontstpeterndp-MP3;chalfontstpeterndp-PWI1;chalfontstpeterndp-PWI2,2028-12-31,2020-12-09,E04001566,Chalfont St Peter Neighbourhood Plan 2013-2028,,local-authority-eng:CHN,2016-11-15,/development-plan-document/local-authority-eng/CHN/neigh-plan-buc-chalfontstpeterndp
Chalfont St Peter Parish,neigh-plan-buc-chalfontstpeterndp,https://chiltern.gov.uk/planning/chalfontstpeter,,chalfontstpeterndp-VC1;chalfontstpeterndp-VC2;chalfontstpeterndp-VC3;chalfontstpeterndp-VC4;chalfontstpeterndp-VC5;chalfontstpeterndp-VC6;chalfontstpeterndp-H1;chalfontstpeterndp-H2;chalfontstpeterndp-H3;chalfontstpeterndp-H4;chalfontstpeterndp-H5;chalfontstpeterndp-H6;chalfontstpeterndp-H7;chalfontstpeterndp-O1;chalfontstpeterndp-O2;chalfontstpeterndp-LC1;chalfontstpeterndp-LC2;chalfontstpeterndp-LC3;chalfontstpeterndp-MP1;chalfontstpeterndp-MP2;chalfontstpeterndp-MP3;chalfontstpeterndp-PWI1;chalfontstpeterndp-PWI2,2028-12-31,2020-12-09,E04001566,Chalfont St Peter Neighbourhood Plan 2013-2028,,local-authority-eng:BUC,2020-04-01,/development-plan-document/local-authority-eng/BUC/neigh-plan-buc-chalfontstpeterndp
Cheddington Parish,neigh-plan-buc-cheddingtonndp,https://www.aylesburyvaledc.gov.uk/sites/default/files/page_downloads/Cheddington%20NP_Final%20Version%20Post%20Examiner%2014.08.15.pdf,,cheddingtonndp-P1;cheddingtonndp-P2;cheddingtonndp-P3;cheddingtonndp-P4;cheddingtonndp-P5;cheddingtonndp-P6;cheddingtonndp-P7,2033-03-31,2020-12-08,E04001469,Cheddington Neighbourhood Plan 2015-2033,,local-authority-eng:AYL,2015-09-25,/development-plan-document/local-authority-eng/AYL/neigh-plan-buc-cheddingtonndp
Cheddington Parish,neigh-plan-buc-cheddingtonndp,https://www.aylesburyvaledc.gov.uk/sites/default/files/page_downloads/Cheddington%20NP_Final%20Version%20Post%20Examiner%2014.08.15.pdf,,cheddingtonndp-P1;cheddingtonndp-P2;cheddingtonndp-P3;cheddingtonndp-P4;cheddingtonndp-P5;cheddingtonndp-P6;cheddingtonndp-P7,2033-03-31,2020-12-08,E04001469,Cheddington Neighbourhood Plan 2015-2033,,local-authority-eng:BUC,2020-04-01,/development-plan-document/local-authority-eng/BUC/neigh-plan-buc-cheddingtonndp
Chesham Town,neigh-plan-buc-cheshamndp,,,,,2020-12-09,E04001569,Chesham Neighbourhood Plan,,local-authority-eng:CHN,2020-01-14,/development-plan-document/local-authority-eng/CHN/neigh-plan-buc-cheshamndp
Chesham Town,neigh-plan-buc-cheshamndp,,,,,2020-12-09,E04001569,Chesham Neighbourhood Plan,,local-authority-eng:BUC,2020-04-01,/development-plan-document/local-authority-eng/BUC/neigh-plan-buc-cheshamndp
Chilton Parish,neigh-plan-buc-chiltonndp,,,,,2020-12-09,E04001471,Chilton Neighbourhood Plan,,local-authority-eng:CHN,2014-02-24,/development-plan-document/local-authority-eng/CHN/neigh-plan-buc-chiltonndp
Chilton Parish,neigh-plan-buc-chiltonndp,,,,,2020-12-09,E04001471,Chilton Neighbourhood Plan,,local-authority-eng:BUC,2020-04-01,/development-plan-document/local-authority-eng/BUC/neigh-plan-buc-chiltonndp
Cuddington Parish,neigh-plan-buc-cuddingtonndp,,,,,2020-12-09,E04001474,Cuddington Neighbourhood Plan,,local-authority-eng:AYL,2018-04-05,/development-plan-document/local-authority-eng/AYL/neigh-plan-buc-cuddingtonndp
Cuddington Parish,neigh-plan-buc-cuddingtonndp,,,,,2020-12-09,E04001474,Cuddington Neighbourhood Plan,,local-authority-eng:BUC,2020-04-01,/development-plan-document/local-authority-eng/BUC/neigh-plan-buc-cuddingtonndp
Daws Hill Forum,neigh-plan-buc-dawshillndp,https://www.wycombe.gov.uk/uploads/public/documents/Planning/Neighbourhood-planning/Adopted-Daws-Hill-Neighbourhood-Plan.pdf,,dawshillndp-P1;dawshillndp-P2;dawshillndp-P3;dawshillndp-P4;dawshillndp-P5;dawshillndp-P6;dawshillndp-P7;dawshillndp-P8,2033-12-31,2020-12-09,GIS - 19NPDawsHill,The Daws Hill Neighbourhood Plan December 2019,,local-authority-eng:WYO,2019-12-12,/development-plan-document/local-authority-eng/WYO/neigh-plan-buc-dawshillndp
Daws Hill Forum,neigh-plan-buc-dawshillndp,https://www.wycombe.gov.uk/uploads/public/documents/Planning/Neighbourhood-planning/Adopted-Daws-Hill-Neighbourhood-Plan.pdf,,dawshillndp-P1;dawshillndp-P2;dawshillndp-P3;dawshillndp-P4;dawshillndp-P5;dawshillndp-P6;dawshillndp-P7;dawshillndp-P8,2033-12-31,2020-12-09,GIS - 19NPDawsHill,The Daws Hill Neighbourhood Plan December 2019,,local-authority-eng:BUC,2020-04-01,/development-plan-document/local-authority-eng/BUC/neigh-plan-buc-dawshillndp
Denham Parish,neigh-plan-buc-denhamndp,,,,,2020-12-09,E04001582,Denham Parish Neighbourhood Plan,,local-authority-eng:SBU,2017-09-12,/development-plan-document/local-authority-eng/SBU/neigh-plan-buc-denhamndp
Denham Parish,neigh-plan-buc-denhamndp,,,,,2020-12-09,E04001582,Denham Parish Neighbourhood Plan,,local-authority-eng:BUC,2020-04-01,/development-plan-document/local-authority-eng/BUC/neigh-plan-buc-denhamndp
Dinton with Ford and Upton Parish,neigh-plan-buc-dintonforduptonndp,,,,,2020-12-09,E04001475,Dinton with Ford and Upton Neighbourhood Plan,,local-authority-eng:AYL,2013-02-04,/development-plan-document/local-authority-eng/AYL/neigh-plan-buc-dintonforduptonndp
Dinton with Ford and Upton Parish,neigh-plan-buc-dintonforduptonndp,,,,,2020-12-09,E04001475,Dinton with Ford and Upton Neighbourhood Plan,,local-authority-eng:BUC,2020-04-01,/development-plan-document/local-authority-eng/BUC/neigh-plan-buc-dintonforduptonndp
Drayton Parslow Parish,neigh-plan-buc-draytonparslowndp,,,,,2020-12-09,E04001478,Drayton Parslow Neighbourhood Plan,,local-authority-eng:AYL,2016-07-18,/development-plan-document/local-authority-eng/AYL/neigh-plan-buc-draytonparslowndp
Drayton Parslow Parish,neigh-plan-buc-draytonparslowndp,,,,,2020-12-09,E04001478,Drayton Parslow Neighbourhood Plan,,local-authority-eng:BUC,2020-04-01,/development-plan-document/local-authority-eng/BUC/neigh-plan-buc-draytonparslowndp
Edlesborough Parish,neigh-plan-buc-edlesboroughndp,https://www.aylesburyvaledc.gov.uk/sites/default/files/page_downloads/Edlesborough%20NP%20Referendum%20Version.pdf,,edlesboroughndp-EP1;edlesboroughndp-EP2;edlesboroughndp-EP3;edlesboroughndp-EP4;edlesboroughndp-EP5;edlesboroughndp-EP6;edlesboroughndp-EP7;edlesboroughndp-EP8;edlesboroughndp-EP9;edlesboroughndp-EP10;edlesboroughndp-EP11;edlesboroughndp-EP12,2033-03-31,2020-12-08,E04001482,Edlesborough Neighbourhood Plan 2013-2033,,local-authority-eng:AYL,2017-10-16,/development-plan-document/local-authority-eng/AYL/neigh-plan-buc-edlesboroughndp
Edlesborough Parish,neigh-plan-buc-edlesboroughndp,https://www.aylesburyvaledc.gov.uk/sites/default/files/page_downloads/Edlesborough%20NP%20Referendum%20Version.pdf,,edlesboroughndp-EP1;edlesboroughndp-EP2;edlesboroughndp-EP3;edlesboroughndp-EP4;edlesboroughndp-EP5;edlesboroughndp-EP6;edlesboroughndp-EP7;edlesboroughndp-EP8;edlesboroughndp-EP9;edlesboroughndp-EP10;edlesboroughndp-EP11;edlesboroughndp-EP12,2033-03-31,2020-12-08,E04001482,Edlesborough Neighbourhood Plan 2013-2033,,local-authority-eng:BUC,2020-04-01,/development-plan-document/local-authority-eng/BUC/neigh-plan-buc-edlesboroughndp
Farnham Royal Parish,neigh-plan-buc-farnhamroyalndp,,,,,2020-12-09,E04001584,Farnham Royal Neighbourhood Plan,,local-authority-eng:SBU,2016-09-28,/development-plan-document/local-authority-eng/SBU/neigh-plan-buc-farnhamroyalndp
Farnham Royal Parish,neigh-plan-buc-farnhamroyalndp,,,,,2020-12-09,E04001584,Farnham Royal Neighbourhood Plan,,local-authority-eng:BUC,2020-04-01,/development-plan-document/local-authority-eng/BUC/neigh-plan-buc-farnhamroyalndp
Fulmer Parish,neigh-plan-buc-fulmerndp,,,,,2020-12-09,E04001585,Fulmer Neighbourhood Plan,,local-authority-eng:SBU,2019-05-24,/development-plan-document/local-authority-eng/SBU/neigh-plan-buc-fulmerndp
Fulmer Parish,neigh-plan-buc-fulmerndp,,,,,2020-12-09,E04001585,Fulmer Neighbourhood Plan,,local-authority-eng:BUC,2020-04-01,/development-plan-document/local-authority-eng/BUC/neigh-plan-buc-fulmerndp
Gerrards Cross Parish,neigh-plan-buc-gerrardscrossndp,,,,,2020-12-09,E04001586,Gerrards Cross Neighbourhood Plan,,local-authority-eng:SBU,2016-09-22,/development-plan-document/local-authority-eng/SBU/neigh-plan-buc-gerrardscrossndp
Gerrards Cross Parish,neigh-plan-buc-gerrardscrossndp,,,,,2020-12-09,E04001586,Gerrards Cross Neighbourhood Plan,,local-authority-eng:BUC,2020-04-01,/development-plan-document/local-authority-eng/BUC/neigh-plan-buc-gerrardscrossndp
Granborough Parish,neigh-plan-buc-granboroughndp,,,,,2020-12-09,E04001486,Granborough Neighbourhood Plan,,local-authority-eng:AYL,2018-08-21,/development-plan-document/local-authority-eng/AYL/neigh-plan-buc-granboroughndp
Granborough Parish,neigh-plan-buc-granboroughndp,,,,,2020-12-09,E04001486,Granborough Neighbourhood Plan,,local-authority-eng:BUC,2020-04-01,/development-plan-document/local-authority-eng/BUC/neigh-plan-buc-granboroughndp
Great Horwood Parish,neigh-plan-buc-greathorwoodndp,https://www.aylesburyvaledc.gov.uk/sites/default/files/page_downloads/Great-Horwood-Parish-Neighbourhood-Plan-MADE-March-2015-.pdf,,greathorwoodndp-P1;greathorwoodndp-P2;greathorwoodndp-P3;greathorwoodndp-P4,2031-03-31,2020-12-08,E04001488,Green Horwood Parish Neighbourhood Plan 2014-2031,,local-authority-eng:AYL,2015-03-16,/development-plan-document/local-authority-eng/AYL/neigh-plan-buc-greathorwoodndp
Great Horwood Parish,neigh-plan-buc-greathorwoodndp,https://www.aylesburyvaledc.gov.uk/sites/default/files/page_downloads/Great-Horwood-Parish-Neighbourhood-Plan-MADE-March-2015-.pdf,,greathorwoodndp-P1;greathorwoodndp-P2;greathorwoodndp-P3;greathorwoodndp-P4,2031-03-31,2020-12-08,E04001488,Green Horwood Parish Neighbourhood Plan 2014-2031,,local-authority-eng:BUC,2020-04-01,/development-plan-document/local-authority-eng/BUC/neigh-plan-buc-greathorwoodndp
Kimble Parish,neigh-plan-buc-greatlittlekimblecumilmerndp,https://www.wycombe.gov.uk/uploads/public/documents/About-the-council/Have-your-say/Consultations/Great-and-Little-Kimble-cum-Marsh-NP/Great-and-Little-Kimble-cum-Marsh-neighbourhood-plan-submission-version.pdf,,greatlittlekimblecumilmerndp-KIM1;greatlittlekimblecumilmerndp-KIM2;greatlittlekimblecumilmerndp-KIM3;greatlittlekimblecumilmerndp-KIM4;greatlittlekimblecumilmerndp-KIM5;greatlittlekimblecumilmerndp-KIM6;greatlittlekimblecumilmerndp-KIM7;greatlittlekimblecumilmerndp-KIM8;greatlittlekimblecumilmerndp-KIM9,2033-12-31,2020-12-09,E04001599,Great and Little Kimble-cum-Marsh Neighbourhood Plan 2013-2033,,local-authority-eng:WYO,2019-11-01,/development-plan-document/local-authority-eng/WYO/neigh-plan-buc-greatlittlekimblecumilmerndp
Kimble Parish,neigh-plan-buc-greatlittlekimblecumilmerndp,https://www.wycombe.gov.uk/uploads/public/documents/About-the-council/Have-your-say/Consultations/Great-and-Little-Kimble-cum-Marsh-NP/Great-and-Little-Kimble-cum-Marsh-neighbourhood-plan-submission-version.pdf,,greatlittlekimblecumilmerndp-KIM1;greatlittlekimblecumilmerndp-KIM2;greatlittlekimblecumilmerndp-KIM3;greatlittlekimblecumilmerndp-KIM4;greatlittlekimblecumilmerndp-KIM5;greatlittlekimblecumilmerndp-KIM6;greatlittlekimblecumilmerndp-KIM7;greatlittlekimblecumilmerndp-KIM8;greatlittlekimblecumilmerndp-KIM9,2033-12-31,2020-12-09,E04001599,Great and Little Kimble-cum-Marsh Neighbourhood Plan 2013-2033,,local-authority-eng:BUC,2020-04-01,/development-plan-document/local-authority-eng/BUC/neigh-plan-buc-greatlittlekimblecumilmerndp
Haddenham Parish,neigh-plan-buc-haddenhamndp,https://www.aylesburyvaledc.gov.uk/sites/default/files/page_downloads/Haddenham%20NP%20March%202016.pdf,,haddenhamndp-TGA1;haddenhamndp-TGA2;haddenhamndp-TGA3;haddenhamndp-CES1;haddenhamndp-HWS1;haddenhamndp-HWS2;haddenhamndp-SRL1;haddenhamndp-SRL2;haddenhamndp-SRL3;haddenhamndp-RBJ1,2033-12-31,2020-12-08,E04001490,Haddenham Neighbourhood Plan 2013-2033,,local-authority-eng:AYL,2015-09-11,/development-plan-document/local-authority-eng/AYL/neigh-plan-buc-haddenhamndp
Haddenham Parish,neigh-plan-buc-haddenhamndp,https://www.aylesburyvaledc.gov.uk/sites/default/files/page_downloads/Haddenham%20NP%20March%202016.pdf,,haddenhamndp-TGA1;haddenhamndp-TGA2;haddenhamndp-TGA3;haddenhamndp-CES1;haddenhamndp-HWS1;haddenhamndp-HWS2;haddenhamndp-SRL1;haddenhamndp-SRL2;haddenhamndp-SRL3;haddenhamndp-RBJ1,2033-12-31,2020-12-08,E04001490,Haddenham Neighbourhood Plan 2013-2033,,local-authority-eng:BUC,2020-04-01,/development-plan-document/local-authority-eng/BUC/neigh-plan-buc-haddenhamndp
Halton Parish,neigh-plan-buc-haltonndp,,,,,2020-12-09,E04001491,Halton Neighbourhood Plan,,local-authority-eng:AYL,2016-10-04,/development-plan-document/local-authority-eng/AYL/neigh-plan-buc-haltonndp
Halton Parish,neigh-plan-buc-haltonndp,,,,,2020-12-09,E04001491,Halton Neighbourhood Plan,,local-authority-eng:BUC,2020-04-01,/development-plan-document/local-authority-eng/BUC/neigh-plan-buc-haltonndp
Hedgerley Parish,neigh-plan-buc-hedgerleyndp,,,,,2020-12-09,E04001587,Hedgerley Neighbourhood Plan,,local-authority-eng:SBU,2017-02-12,/development-plan-document/local-authority-eng/SBU/neigh-plan-buc-hedgerleyndp
Hedgerley Parish,neigh-plan-buc-hedgerleyndp,,,,,2020-12-09,E04001587,Hedgerley Neighbourhood Plan,,local-authority-eng:BUC,2020-04-01,/development-plan-document/local-authority-eng/BUC/neigh-plan-buc-hedgerleyndp
Ickford Parish,neigh-plan-buc-ickfordndp,https://www.aylesburyvaledc.gov.uk/sites/default/files/page_downloads/IckfordSubmissionNeighbourhoodPlanNOV2019.pdf,,ickfordndp-NE1;ickfordndp-NE2;ickfordndp-NE3;ickfordndp-BEH1;ickfordndp-BEH2;ickfordndp-BEH3;ickfordndp-BEH4;ickfordndp-F1;ickfordndp-ND1;ickfordndp-ND2;ickfordndp-ND3;ickfordndp-ND4;ickfordndp-TT1;ickfordndp-E1;ickfordndp-CF1,2033-12-31,2020-12-08,E04001497,Ickford Neighbourhood Plan 2019-2033,,local-authority-eng:AYL,2019-11-15,/development-plan-document/local-authority-eng/AYL/neigh-plan-buc-ickfordndp
Ickford Parish,neigh-plan-buc-ickfordndp,https://www.aylesburyvaledc.gov.uk/sites/default/files/page_downloads/IckfordSubmissionNeighbourhoodPlanNOV2019.pdf,,ickfordndp-NE1;ickfordndp-NE2;ickfordndp-NE3;ickfordndp-BEH1;ickfordndp-BEH2;ickfordndp-BEH3;ickfordndp-BEH4;ickfordndp-F1;ickfordndp-ND1;ickfordndp-ND2;ickfordndp-ND3;ickfordndp-ND4;ickfordndp-TT1;ickfordndp-E1;ickfordndp-CF1,2033-12-31,2020-12-08,E04001497,Ickford Neighbourhood Plan 2019-2033,,local-authority-eng:BUC,2020-04-01,/development-plan-document/local-authority-eng/BUC/neigh-plan-buc-ickfordndp
Iver Parish,neigh-plan-buc-iverndp,,,,,2020-12-09,E04001588,Iver Neighbourhood Plan,,local-authority-eng:SBU,2016-11-18,/development-plan-document/local-authority-eng/SBU/neigh-plan-buc-iverndp
Iver Parish,neigh-plan-buc-iverndp,,,,,2020-12-09,E04001588,Iver Neighbourhood Plan,,local-authority-eng:BUC,2020-04-01,/development-plan-document/local-authority-eng/BUC/neigh-plan-buc-iverndp
Ivinghoe Parish,neigh-plan-buc-ivinghoendp,https://www.aylesburyvaledc.gov.uk/sites/default/files/page_downloads/IPNP%20Referendum%20Version%20FINAL.pdf,,ivinghoendp-HSG1;ivinghoendp-HSG2;ivinghoendp-ENV1;ivinghoendp-ENV2;ivinghoendp-ENV3;ivinghoendp-TRA1;ivinghoendp-TRA2;ivinghoendp-REC1;ivinghoendp-REC2;ivinghoendp-TEL1;ivinghoendp-BUS1,2033-12-31,2020-12-08,E04001498,Ivinghoe Parish Neighbourhood Plan 2014-2033,,local-authority-eng:AYL,2018-12-14,/development-plan-document/local-authority-eng/AYL/neigh-plan-buc-ivinghoendp
Ivinghoe Parish,neigh-plan-buc-ivinghoendp,https://www.aylesburyvaledc.gov.uk/sites/default/files/page_downloads/IPNP%20Referendum%20Version%20FINAL.pdf,,ivinghoendp-HSG1;ivinghoendp-HSG2;ivinghoendp-ENV1;ivinghoendp-ENV2;ivinghoendp-ENV3;ivinghoendp-TRA1;ivinghoendp-TRA2;ivinghoendp-REC1;ivinghoendp-REC2;ivinghoendp-TEL1;ivinghoendp-BUS1,2033-12-31,2020-12-08,E04001498,Ivinghoe Parish Neighbourhood Plan 2014-2033,,local-authority-eng:BUC,2020-04-01,/development-plan-document/local-authority-eng/BUC/neigh-plan-buc-ivinghoendp
Long Crendon Parish,neigh-plan-buc-longcrendonndp,https://www.aylesburyvaledc.gov.uk/sites/default/files/page_downloads/Long%20Crendon%20Parish%20NP%20Post%20%20Examination%20Version%20%2019-6-17.pdf,,longcrendonndp-LC1;longcrendonndp-LC2;longcrendonndp-LC3;longcrendonndp-LC4;longcrendonndp-LC5;longcrendonndp-LC6;longcrendonndp-LC7;longcrendonndp-LC8;longcrendonndp-LC9;longcrendonndp-LC10;longcrendonndp-LC11;longcrendonndp-LC12;longcrendonndp-LC13;longcrendonndp-LC14,2023-03-31,2020-12-08,E04001505,Long Crendon Parish Neighbourhood Plan 2013-2023,,local-authority-eng:AYL,2017-10-05,/development-plan-document/local-authority-eng/AYL/neigh-plan-buc-longcrendonndp
Long Crendon Parish,neigh-plan-buc-longcrendonndp,https://www.aylesburyvaledc.gov.uk/sites/default/files/page_downloads/Long%20Crendon%20Parish%20NP%20Post%20%20Examination%20Version%20%2019-6-17.pdf,,longcrendonndp-LC1;longcrendonndp-LC2;longcrendonndp-LC3;longcrendonndp-LC4;longcrendonndp-LC5;longcrendonndp-LC6;longcrendonndp-LC7;longcrendonndp-LC8;longcrendonndp-LC9;longcrendonndp-LC10;longcrendonndp-LC11;longcrendonndp-LC12;longcrendonndp-LC13;longcrendonndp-LC14,2023-03-31,2020-12-08,E04001505,Long Crendon Parish Neighbourhood Plan 2013-2023,,local-authority-eng:BUC,2020-04-01,/development-plan-document/local-authority-eng/BUC/neigh-plan-buc-longcrendonndp
Longwick Parish,neigh-plan-buc-longwickcumilmerndp,https://www.wycombe.gov.uk/uploads/public/documents/Planning/Neighbourhood-planning/Longwick-cum-Ilmer-Parish-Neighbourhood-Plan-2017-2033.pdf,,longwickcumilmerndp-A1;longwickcumilmerndp-A2;longwickcumilmerndp-A3;longwickcumilmerndp-A4;longwickcumilmerndp-A5;longwickcumilmerndp-A6;longwickcumilmerndp-L1;longwickcumilmerndp-L2;longwickcumilmerndp-L3;longwickcumilmerndp-L4;longwickcumilmerndp-L5;longwickcumilmerndp-L6,2033-12-31,2020-12-09,E04001609,Longwick-cum-Ilmer Parish Neighbourhood Plan 2017-2033,,local-authority-eng:WYO,2017-01-01,/development-plan-document/local-authority-eng/WYO/neigh-plan-buc-longwickcumilmerndp
Longwick Parish,neigh-plan-buc-longwickcumilmerndp,https://www.wycombe.gov.uk/uploads/public/documents/Planning/Neighbourhood-planning/Longwick-cum-Ilmer-Parish-Neighbourhood-Plan-2017-2033.pdf,,longwickcumilmerndp-A1;longwickcumilmerndp-A2;longwickcumilmerndp-A3;longwickcumilmerndp-A4;longwickcumilmerndp-A5;longwickcumilmerndp-A6;longwickcumilmerndp-L1;longwickcumilmerndp-L2;longwickcumilmerndp-L3;longwickcumilmerndp-L4;longwickcumilmerndp-L5;longwickcumilmerndp-L6,2033-12-31,2020-12-09,E04001609,Longwick-cum-Ilmer Parish Neighbourhood Plan 2017-2033,,local-authority-eng:BUC,2020-04-01,/development-plan-document/local-authority-eng/BUC/neigh-plan-buc-longwickcumilmerndp
Maids Moreton Parish,neigh-plan-buc-maidsmoretonndp,,,,,2020-12-09,E04001508,Maids Moreton Neighbourhood Plan,,local-authority-eng:AYL,2016-06-06,/development-plan-document/local-authority-eng/AYL/neigh-plan-buc-maidsmoretonndp
Maids Moreton Parish,neigh-plan-buc-maidsmoretonndp,,,,,2020-12-09,E04001508,Maids Moreton Neighbourhood Plan,,local-authority-eng:BUC,2020-04-01,/development-plan-document/local-authority-eng/BUC/neigh-plan-buc-maidsmoretonndp
Marsh Gibbon Parish,neigh-plan-buc-marshgibbonndp,https://www.aylesburyvaledc.gov.uk/sites/default/files/page_downloads/MG-neighbourhood-plan-Jan2015-online-version.pdf,,marshgibbonndp-MG1;marshgibbonndp-MG2;marshgibbonndp-MG3;marshgibbonndp-MG4;marshgibbonndp-MG5;marshgibbonndp-MG6;marshgibbonndp-MG7;marshgibbonndp-MG8;marshgibbonndp-MG9;marshgibbonndp-MG10;marshgibbonndp-MG11;marshgibbonndp-MG12;marshgibbonndp-MG13;marshgibbonndp-MG14;marshgibbonndp-MG15;marshgibbonndp-MG16;marshgibbonndp-MG17;marshgibbonndp-MG18;marshgibbonndp-MG19;marshgibbonndp-MG20,2031-12-31,2020-12-08,E04001509,Marsh Gibbon Neighbourhood Development Plan,,local-authority-eng:AYL,2015-02-25,/development-plan-document/local-authority-eng/AYL/neigh-plan-buc-marshgibbonndp
Marsh Gibbon Parish,neigh-plan-buc-marshgibbonndp,https://www.aylesburyvaledc.gov.uk/sites/default/files/page_downloads/MG-neighbourhood-plan-Jan2015-online-version.pdf,,marshgibbonndp-MG1;marshgibbonndp-MG2;marshgibbonndp-MG3;marshgibbonndp-MG4;marshgibbonndp-MG5;marshgibbonndp-MG6;marshgibbonndp-MG7;marshgibbonndp-MG8;marshgibbonndp-MG9;marshgibbonndp-MG10;marshgibbonndp-MG11;marshgibbonndp-MG12;marshgibbonndp-MG13;marshgibbonndp-MG14;marshgibbonndp-MG15;marshgibbonndp-MG16;marshgibbonndp-MG17;marshgibbonndp-MG18;marshgibbonndp-MG19;marshgibbonndp-MG20,2031-12-31,2020-12-08,E04001509,Marsh Gibbon Neighbourhood Development Plan,,local-authority-eng:BUC,2020-04-01,/development-plan-document/local-authority-eng/BUC/neigh-plan-buc-marshgibbonndp
Mursley Parish,neigh-plan-buc-mursleyndp,,,,,2020-12-09,E04001513,Mursley Neighbourhood Plan,,local-authority-eng:AYL,2017-07-12,/development-plan-document/local-authority-eng/AYL/neigh-plan-buc-mursleyndp
Mursley Parish,neigh-plan-buc-mursleyndp,,,,,2020-12-09,E04001513,Mursley Neighbourhood Plan,,local-authority-eng:BUC,2020-04-01,/development-plan-document/local-authority-eng/BUC/neigh-plan-buc-mursleyndp
Newton Longville Parish,neigh-plan-buc-newtonlongvilledndp,,,,,2020-12-09,E04001515,Newton Longville Neighbourhood Plan,,local-authority-eng:AYL,2014-09-19,/development-plan-document/local-authority-eng/AYL/neigh-plan-buc-newtonlongvilledndp
Newton Longville Parish,neigh-plan-buc-newtonlongvilledndp,,,,,2020-12-09,E04001515,Newton Longville Neighbourhood Plan,,local-authority-eng:BUC,2020-04-01,/development-plan-document/local-authority-eng/BUC/neigh-plan-buc-newtonlongvilledndp
North Marston Parish,neigh-plan-buc-northmarstonndp,,,,,2020-12-09,E04001516,North Marston Neighbourhood Plan,,local-authority-eng:AYL,2018-05-25,/development-plan-document/local-authority-eng/AYL/neigh-plan-buc-northmarstonndp
North Marston Parish,neigh-plan-buc-northmarstonndp,,,,,2020-12-09,E04001516,North Marston Neighbourhood Plan,,local-authority-eng:BUC,2020-04-01,/development-plan-document/local-authority-eng/BUC/neigh-plan-buc-northmarstonndp
Padbury Parish,neigh-plan-buc-padburyndp,,,,,2020-12-09,E04001519,Padbury Neighbourhood Plan,,local-authority-eng:AYL,2015-04-29,/development-plan-document/local-authority-eng/AYL/neigh-plan-buc-padburyndp
Padbury Parish,neigh-plan-buc-padburyndp,,,,,2020-12-09,E04001519,Padbury Neighbourhood Plan,,local-authority-eng:BUC,2020-04-01,/development-plan-document/local-authority-eng/BUC/neigh-plan-buc-padburyndp
Pitstone Parish,neigh-plan-buc-pitstonendp,https://www.aylesburyvaledc.gov.uk/sites/default/files/page_downloads/pnp%20referendum%20edition%2023%20jan%202016-1.pdf,,pitstonendp-P1;pitstonendp-P2;pitstonendp-P3;pitstonendp-P4;pitstonendp-P5;pitstonendp-P6;pitstonendp-P7;pitstonendp-P8,2033-12-31,2020-12-08,E04001521,Pitstone Neighbourhood Plan 2013-2033,,local-authority-eng:AYL,2016-04-14,/development-plan-document/local-authority-eng/AYL/neigh-plan-buc-pitstonendp
Pitstone Parish,neigh-plan-buc-pitstonendp,https://www.aylesburyvaledc.gov.uk/sites/default/files/page_downloads/pnp%20referendum%20edition%2023%20jan%202016-1.pdf,,pitstonendp-P1;pitstonendp-P2;pitstonendp-P3;pitstonendp-P4;pitstonendp-P5;pitstonendp-P6;pitstonendp-P7;pitstonendp-P8,2033-12-31,2020-12-08,E04001521,Pitstone Neighbourhood Plan 2013-2033,,local-authority-eng:BUC,2020-04-01,/development-plan-document/local-authority-eng/BUC/neigh-plan-buc-pitstonendp
Quainton Parish,neigh-plan-buc-quaintonndp,https://www.aylesburyvaledc.gov.uk/sites/default/files/page_downloads/Quainton%20NDP%20MADE%20VERSION.pdf,,quaintonndp-E1;quaintonndp-E2;quaintonndp-H1;quaintonndp-H2;quaintonndp-CF1;quaintonndp-NE1;quaintonndp-NE2;quaintonndp-LE1;quaintonndp-T1;quaintonndp-T2;quaintonndp-I1,2033-12-31,2020-12-08,E04001524,Quainton Neighbourhood Development Plan 2015-2033,,local-authority-eng:AYL,2016-10-31,/development-plan-document/local-authority-eng/AYL/neigh-plan-buc-quaintonndp
Quainton Parish,neigh-plan-buc-quaintonndp,https://www.aylesburyvaledc.gov.uk/sites/default/files/page_downloads/Quainton%20NDP%20MADE%20VERSION.pdf,,quaintonndp-E1;quaintonndp-E2;quaintonndp-H1;quaintonndp-H2;quaintonndp-CF1;quaintonndp-NE1;quaintonndp-NE2;quaintonndp-LE1;quaintonndp-T1;quaintonndp-T2;quaintonndp-I1,2033-12-31,2020-12-08,E04001524,Quainton Neighbourhood Development Plan 2015-2033,,local-authority-eng:BUC,2020-04-01,/development-plan-document/local-authority-eng/BUC/neigh-plan-buc-quaintonndp
Seer Green Parish,neigh-plan-buc-seergreenndp,,,,,2020-12-09,E04001577,Seer Green Neighbourhood Plan,,local-authority-eng:CHN,2015-11-05,/development-plan-document/local-authority-eng/CHN/neigh-plan-buc-seergreenndp
Seer Green Parish,neigh-plan-buc-seergreenndp,,,,,2020-12-09,E04001577,Seer Green Neighbourhood Plan,,local-authority-eng:BUC,2020-04-01,/development-plan-document/local-authority-eng/BUC/neigh-plan-buc-seergreenndp
Slapton Parish,neigh-plan-buc-slaptonndp,https://www.aylesburyvaledc.gov.uk/sites/default/files/page_downloads/Slapton%20NDP%20Plan_%20Policies%20Maps.pdf,,slaptonndp-SLP1;slaptonndp-SLP2;slaptonndp-SLP3;slaptonndp-SLP4;slaptonndp-SLP5;slaptonndp-SLP6,2033-12-31,2020-12-08,E04001529,Slapton Parish Neighbourhood Development Plan 2013-2033,,local-authority-eng:AYL,2018-07-17,/development-plan-document/local-authority-eng/AYL/neigh-plan-buc-slaptonndp
Slapton Parish,neigh-plan-buc-slaptonndp,https://www.aylesburyvaledc.gov.uk/sites/default/files/page_downloads/Slapton%20NDP%20Plan_%20Policies%20Maps.pdf,,slaptonndp-SLP1;slaptonndp-SLP2;slaptonndp-SLP3;slaptonndp-SLP4;slaptonndp-SLP5;slaptonndp-SLP6,2033-12-31,2020-12-08,E04001529,Slapton Parish Neighbourhood Development Plan 2013-2033,,local-authority-eng:BUC,2020-04-01,/development-plan-document/local-authority-eng/BUC/neigh-plan-buc-slaptonndp
Steeple Claydon Parish,neigh-plan-buc-steepleclaydonndp,https://www.aylesburyvaledc.gov.uk/sites/default/files/page_downloads/01%20SCNP%20Neighbourhood%20Plan%20Referendum_0.pdf,,steepleclaydonndp-SC1;steepleclaydonndp-SC2;steepleclaydonndp-SC3;steepleclaydonndp-SC4;steepleclaydonndp-SC5;steepleclaydonndp-SC6;steepleclaydonndp-SC7;steepleclaydonndp-SC8,2033-12-31,2020-12-08,E04001531,Steeple Claydon Neighbourhood Plan,,local-authority-eng:AYL,2017-12-15,/development-plan-document/local-authority-eng/AYL/neigh-plan-buc-steepleclaydonndp
Steeple Claydon Parish,neigh-plan-buc-steepleclaydonndp,https://www.aylesburyvaledc.gov.uk/sites/default/files/page_downloads/01%20SCNP%20Neighbourhood%20Plan%20Referendum_0.pdf,,steepleclaydonndp-SC1;steepleclaydonndp-SC2;steepleclaydonndp-SC3;steepleclaydonndp-SC4;steepleclaydonndp-SC5;steepleclaydonndp-SC6;steepleclaydonndp-SC7;steepleclaydonndp-SC8,2033-12-31,2020-12-08,E04001531,Steeple Claydon Neighbourhood Plan,,local-authority-eng:BUC,2020-04-01,/development-plan-document/local-authority-eng/BUC/neigh-plan-buc-steepleclaydonndp
Stewkley Parish,neigh-plan-buc-stewkleyndp,,,,,2020-12-09,E04001532,Stewkley Neighbourhood Plan,,local-authority-eng:AYL,2016-05-04,/development-plan-document/local-authority-eng/AYL/neigh-plan-buc-stewkleyndp
Stewkley Parish,neigh-plan-buc-stewkleyndp,,,,,2020-12-09,E04001532,Stewkley Neighbourhood Plan,,local-authority-eng:BUC,2020-04-01,/development-plan-document/local-authority-eng/BUC/neigh-plan-buc-stewkleyndp
Stoke Mandeville Parish,neigh-plan-buc-stokemandevillendp,,,,,2020-12-09,E04001534,Stoke Mandeville Neighbourhood Plan,,local-authority-eng:AYL,2015-07-08,/development-plan-document/local-authority-eng/AYL/neigh-plan-buc-stokemandevillendp
Stoke Mandeville Parish,neigh-plan-buc-stokemandevillendp,,,,,2020-12-09,E04001534,Stoke Mandeville Neighbourhood Plan,,local-authority-eng:BUC,2020-04-01,/development-plan-document/local-authority-eng/BUC/neigh-plan-buc-stokemandevillendp
Taplow Parish,neigh-plan-buc-taplowndp,,,,,2020-12-09,E04001590,Taplow Neighbourhood Plan,,local-authority-eng:SBU,2015-06-29,/development-plan-document/local-authority-eng/SBU/neigh-plan-buc-taplowndp
Taplow Parish,neigh-plan-buc-taplowndp,,,,,2020-12-09,E04001590,Taplow Neighbourhood Plan,,local-authority-eng:BUC,2020-04-01,/development-plan-document/local-authority-eng/BUC/neigh-plan-buc-taplowndp
Waddesdon Parish,neigh-plan-buc-waddesdonndp,https://www.aylesburyvaledc.gov.uk/sites/default/files/page_downloads/Waddesdon%20Neighbourhood%20Plan%20Referendum%20Version%20Oct%202017.pdf,,waddesdonndp-WAD1;waddesdonndp-WAD2;waddesdonndp-WAD3;waddesdonndp-WAD4;waddesdonndp-WAD5;waddesdonndp-WAD6;waddesdonndp-WAD7;waddesdonndp-WAD8;waddesdonndp-WAD9;waddesdonndp-WAD10;waddesdonndp-WAD11;waddesdonndp-WAD12;waddesdonndp-WAD13;waddesdonndp-WAD14,2033-03-31,2020-12-08,E04001544,Waddesdon Parish Neighbourhood Plan 2013-2033,,local-authority-eng:AYL,2017-10-23,/development-plan-document/local-authority-eng/AYL/neigh-plan-buc-waddesdonndp
Waddesdon Parish,neigh-plan-buc-waddesdonndp,https://www.aylesburyvaledc.gov.uk/sites/default/files/page_downloads/Waddesdon%20Neighbourhood%20Plan%20Referendum%20Version%20Oct%202017.pdf,,waddesdonndp-WAD1;waddesdonndp-WAD2;waddesdonndp-WAD3;waddesdonndp-WAD4;waddesdonndp-WAD5;waddesdonndp-WAD6;waddesdonndp-WAD7;waddesdonndp-WAD8;waddesdonndp-WAD9;waddesdonndp-WAD10;waddesdonndp-WAD11;waddesdonndp-WAD12;waddesdonndp-WAD13;waddesdonndp-WAD14,2033-03-31,2020-12-08,E04001544,Waddesdon Parish Neighbourhood Plan 2013-2033,,local-authority-eng:BUC,2020-04-01,/development-plan-document/local-authority-eng/BUC/neigh-plan-buc-waddesdonndp
Wendover Parish,neigh-plan-buc-wendoverndp,https://www.aylesburyvaledc.gov.uk/sites/default/files/page_downloads/Wendover%20NP%20Made%20Version%2021%2002%2020.pdf,,wendoverndp-H1;wendoverndp-H2;wendoverndp-H3;wendoverndp-H4;wendoverndp-SD1;wendoverndp-SD2;wendoverndp-B1;wendoverndp-CF1;wendoverndp-CH1;wendoverndp-G1;wendoverndp-G2;wendoverndp-G3;wendoverndp-IC1;wendoverndp-T1;wendoverndp-T2;wendoverndp-T3;wendoverndp-T4,2033-12-31,2020-12-09,E04001547,Wendover Neighbourhood Plan,,local-authority-eng:AYL,2020-02-01,/development-plan-document/local-authority-eng/AYL/neigh-plan-buc-wendoverndp
Wendover Parish,neigh-plan-buc-wendoverndp,https://www.aylesburyvaledc.gov.uk/sites/default/files/page_downloads/Wendover%20NP%20Made%20Version%2021%2002%2020.pdf,,wendoverndp-H1;wendoverndp-H2;wendoverndp-H3;wendoverndp-H4;wendoverndp-SD1;wendoverndp-SD2;wendoverndp-B1;wendoverndp-CF1;wendoverndp-CH1;wendoverndp-G1;wendoverndp-G2;wendoverndp-G3;wendoverndp-IC1;wendoverndp-T1;wendoverndp-T2;wendoverndp-T3;wendoverndp-T4,2033-12-31,2020-12-09,E04001547,Wendover Neighbourhood Plan,,local-authority-eng:BUC,2020-04-01,/development-plan-document/local-authority-eng/BUC/neigh-plan-buc-wendoverndp
Westbury Parish,neigh-plan-buc-westburyndp,,,,,2020-12-09,E04001548,Westbury Neighbourhood Plan,,local-authority-eng:AYL,2019-08-27,/development-plan-document/local-authority-eng/AYL/neigh-plan-buc-westburyndp
Westbury Parish,neigh-plan-buc-westburyndp,,,,,2020-12-09,E04001548,Westbury Neighbourhood Plan,,local-authority-eng:BUC,2020-04-01,/development-plan-document/local-authority-eng/BUC/neigh-plan-buc-westburyndp
Weston Turville Parish,neigh-plan-buc-westonturvillendp,https://www.aylesburyvaledc.gov.uk/sites/default/files/page_downloads/Weston%20Turville%20Neighbourhood%20Plan%20-%20Referendum%20Version.pdf,,westonturvillendp-H1;westonturvillendp-H2;westonturvillendp-H3;westonturvillendp-H4;westonturvillendp-T1;westonturvillendp-T2;westonturvillendp-T3;westonturvillendp-E1;westonturvillendp-E2;westonturvillendp-E3;westonturvillendp-C1;westonturvillendp-C2;westonturvillendp-C3;westonturvillendp-HE1;westonturvillendp-HE2;westonturvillendp-B1;westonturvillendp-B2;westonturvillendp-B3,2033-12-31,2020-12-09,E04001550,Weston Turville Neighbourhood Plan 2013-2033,,local-authority-eng:AYL,2018-08-08,/development-plan-document/local-authority-eng/AYL/neigh-plan-buc-westonturvillendp
Weston Turville Parish,neigh-plan-buc-westonturvillendp,https://www.aylesburyvaledc.gov.uk/sites/default/files/page_downloads/Weston%20Turville%20Neighbourhood%20Plan%20-%20Referendum%20Version.pdf,,westonturvillendp-H1;westonturvillendp-H2;westonturvillendp-H3;westonturvillendp-H4;westonturvillendp-T1;westonturvillendp-T2;westonturvillendp-T3;westonturvillendp-E1;westonturvillendp-E2;westonturvillendp-E3;westonturvillendp-C1;westonturvillendp-C2;westonturvillendp-C3;westonturvillendp-HE1;westonturvillendp-HE2;westonturvillendp-B1;westonturvillendp-B2;westonturvillendp-B3,2033-12-31,2020-12-09,E04001550,Weston Turville Neighbourhood Plan 2013-2033,,local-authority-eng:BUC,2020-04-01,/development-plan-document/local-authority-eng/BUC/neigh-plan-buc-westonturvillendp
Wing Parish,neigh-plan-buc-wingndp,https://www.aylesburyvaledc.gov.uk/sites/default/files/page_downloads/Final-Wing-NP.pdf,,wingndp-CGS1;wingndp-CGS2;wingndp-CGS3;wingndp-F1;wingndp-HE1;wingndp-HE2;wingndp-VE1;wingndp-E1;wingndp-E2;wingndp-E3;wingndp-E4;wingndp-T1;wingndp-T2;wingndp-T3;wingndp-T4;wingndp-HO1;wingndp-HO2;wingndp-HO3;wingndp-A1;wingndp-A2,2031-12-31,2020-12-09,E04001553,Wing Neighbourhood Plan 2014-2031,,local-authority-eng:AYL,2015-03-16,/development-plan-document/local-authority-eng/AYL/neigh-plan-buc-wingndp
Wing Parish,neigh-plan-buc-wingndp,https://www.aylesburyvaledc.gov.uk/sites/default/files/page_downloads/Final-Wing-NP.pdf,,wingndp-CGS1;wingndp-CGS2;wingndp-CGS3;wingndp-F1;wingndp-HE1;wingndp-HE2;wingndp-VE1;wingndp-E1;wingndp-E2;wingndp-E3;wingndp-E4;wingndp-T1;wingndp-T2;wingndp-T3;wingndp-T4;wingndp-HO1;wingndp-HO2;wingndp-HO3;wingndp-A1;wingndp-A2,2031-12-31,2020-12-09,E04001553,Wing Neighbourhood Plan 2014-2031,,local-authority-eng:BUC,2020-04-01,/development-plan-document/local-authority-eng/BUC/neigh-plan-buc-wingndp
Wingrave with Rowsham Parish,neigh-plan-buc-wingraverowshamndp,https://www.aylesburyvaledc.gov.uk/sites/default/files/page_downloads/Wingrave%20NP%20Modification%20Plan%20-%20MADE.pdf,,wingraverowshamndp-P1;wingraverowshamndp-P2;wingraverowshamndp-P3;wingraverowshamndp-P4;wingraverowshamndp-P5;wingraverowshamndp-P6;wingraverowshamndp-P7;wingraverowshamndp-P8,2033-12-31,2020-12-09,E04001554,Wingrave with Rowsham Parish Neighbourhood Plan 2013-2033,,local-authority-eng:AYL,2019-09-01,/development-plan-document/local-authority-eng/AYL/neigh-plan-buc-wingraverowshamndp
Wingrave with Rowsham Parish,neigh-plan-buc-wingraverowshamndp,https://www.aylesburyvaledc.gov.uk/sites/default/files/page_downloads/Wingrave%20NP%20Modification%20Plan%20-%20MADE.pdf,,wingraverowshamndp-P1;wingraverowshamndp-P2;wingraverowshamndp-P3;wingraverowshamndp-P4;wingraverowshamndp-P5;wingraverowshamndp-P6;wingraverowshamndp-P7;wingraverowshamndp-P8,2033-12-31,2020-12-09,E04001554,Wingrave with Rowsham Parish Neighbourhood Plan 2013-2033,,local-authority-eng:BUC,2020-04-01,/development-plan-document/local-authority-eng/BUC/neigh-plan-buc-wingraverowshamndp
Winslow Town,neigh-plan-buc-winslowndp,https://www.aylesburyvaledc.gov.uk/sites/default/files/page_downloads/WNP-FINAL-FINAL-VERSION-JUNE-2014.pdf,,winslowndp-P1;winslowndp-P2;winslowndp-P3;winslowndp-P4;winslowndp-P5;winslowndp-P6;winslowndp-P7;winslowndp-P8;winslowndp-P9;winslowndp-P10;winslowndp-P11;winslowndp-P12;winslowndp-P13;winslowndp-P14;winslowndp-P15;winslowndp-P16;winslowndp-P17;winslowndp-P18;winslowndp-P19;winslowndp-P20,2031-03-31,2020-12-09,E04001555,Winslow Neighbourhood Plan 2014-2031,,local-authority-eng:AYL,2014-09-10,/development-plan-document/local-authority-eng/AYL/neigh-plan-buc-winslowndp
Winslow Town,neigh-plan-buc-winslowndp,https://www.aylesburyvaledc.gov.uk/sites/default/files/page_downloads/WNP-FINAL-FINAL-VERSION-JUNE-2014.pdf,,winslowndp-P1;winslowndp-P2;winslowndp-P3;winslowndp-P4;winslowndp-P5;winslowndp-P6;winslowndp-P7;winslowndp-P8;winslowndp-P9;winslowndp-P10;winslowndp-P11;winslowndp-P12;winslowndp-P13;winslowndp-P14;winslowndp-P15;winslowndp-P16;winslowndp-P17;winslowndp-P18;winslowndp-P19;winslowndp-P20,2031-03-31,2020-12-09,E04001555,Winslow Neighbourhood Plan 2014-2031,,local-authority-eng:BUC,2020-04-01,/development-plan-document/local-authority-eng/BUC/neigh-plan-buc-winslowndp
Wooburn and Bourne End Parish,neigh-plan-buc-wooburnbourneendndp,,,,,2020-12-09,E04001618,Wooburn and Bourne End Neighbourhood Plan,,local-authority-eng:WYO,2015-02-09,/development-plan-document/local-authority-eng/WYO/neigh-plan-buc-wooburnbourneendndp
Wooburn and Bourne End Parish,neigh-plan-buc-wooburnbourneendndp,,,,,2020-12-09,E04001618,Wooburn and Bourne End Neighbourhood Plan,,local-authority-eng:BUC,2020-04-01,/development-plan-document/local-authority-eng/BUC/neigh-plan-buc-wooburnbourneendndp
Worminghall Parish,neigh-plan-buc-worminghallndp,https://www.aylesburyvaledc.gov.uk/sites/default/files/page_downloads/Final%20Worminghall%20Neighbourhood%20Plan.pdf,,worminghallndp-SB1;worminghallndp-NH1;worminghallndp-NH2;worminghallndp-NH3;worminghallndp-RC1;worminghallndp-CFR1;worminghallndp-CFR2;worminghallndp-CFR3;worminghallndp-CH1;worminghallndp-TT1,2033-03-31,2020-12-09,E04001557,Worminghall Neighbourhood Plan,,local-authority-eng:AYL,2018-07-17,/development-plan-document/local-authority-eng/AYL/neigh-plan-buc-worminghallndp
Worminghall Parish,neigh-plan-buc-worminghallndp,https://www.aylesburyvaledc.gov.uk/sites/default/files/page_downloads/Final%20Worminghall%20Neighbourhood%20Plan.pdf,,worminghallndp-SB1;worminghallndp-NH1;worminghallndp-NH2;worminghallndp-NH3;worminghallndp-RC1;worminghallndp-CFR1;worminghallndp-CFR2;worminghallndp-CFR3;worminghallndp-CH1;worminghallndp-TT1,2033-03-31,2020-12-09,E04001557,Worminghall Neighbourhood Plan,,local-authority-eng:BUC,2020-04-01,/development-plan-document/local-authority-eng/BUC/neigh-plan-buc-worminghallndp
